[{
    "id": 1,
    "diagonal": 33.86,
    "carga": 50,
    "tempo": 17,
    "idEnsaio": 4
  }, {
    "id": 2,
    "diagonal": 30.21,
    "carga": 50,
    "tempo": 19,
    "idEnsaio": 3
  }, {
    "id": 3,
    "diagonal": 32.03,
    "carga": 50,
    "tempo": 18,
    "idEnsaio": 1
  }, {
    "id": 4,
    "diagonal": 33.47,
    "carga": 50,
    "tempo": 15,
    "idEnsaio": 3
  }, {
    "id": 5,
    "diagonal": 31.95,
    "carga": 50,
    "tempo": 18,
    "idEnsaio": 2
  }, {
    "id": 6,
    "diagonal": 30.39,
    "carga": 50,
    "tempo": 15,
    "idEnsaio": 4
  }, {
    "id": 7,
    "diagonal": 30.75,
    "carga": 50,
    "tempo": 18,
    "idEnsaio": 2
  }, {
    "id": 8,
    "diagonal": 32.77,
    "carga": 50,
    "tempo": 15,
    "idEnsaio": 5
  }, {
    "id": 9,
    "diagonal": 33.69,
    "carga": 50,
    "tempo": 16,
    "idEnsaio": 2
  }, {
    "id": 10,
    "diagonal": 30.15,
    "carga": 50,
    "tempo": 20,
    "idEnsaio": 5
  }, {
    "id": 11,
    "diagonal": 31.97,
    "carga": 50,
    "tempo": 20,
    "idEnsaio": 1
  }, {
    "id": 12,
    "diagonal": 33.74,
    "carga": 50,
    "tempo": 19,
    "idEnsaio": 1
  }, {
    "id": 13,
    "diagonal": 32.49,
    "carga": 50,
    "tempo": 19,
    "idEnsaio": 1
  }, {
    "id": 14,
    "diagonal": 30.31,
    "carga": 50,
    "tempo": 15,
    "idEnsaio": 1
  }, {
    "id": 15,
    "diagonal": 32.07,
    "carga": 50,
    "tempo": 18,
    "idEnsaio": 3
  }, {
    "id": 16,
    "diagonal": 33.44,
    "carga": 50,
    "tempo": 20,
    "idEnsaio": 1
  }, {
    "id": 17,
    "diagonal": 32.67,
    "carga": 50,
    "tempo": 17,
    "idEnsaio": 2
  }, {
    "id": 18,
    "diagonal": 31.08,
    "carga": 50,
    "tempo": 18,
    "idEnsaio": 2
  }, {
    "id": 19,
    "diagonal": 31.81,
    "carga": 50,
    "tempo": 15,
    "idEnsaio": 2
  }, {
    "id": 20,
    "diagonal": 33.34,
    "carga": 50,
    "tempo": 19,
    "idEnsaio": 3
  }, {
    "id": 21,
    "diagonal": 30.82,
    "carga": 50,
    "tempo": 16,
    "idEnsaio": 3
  }, {
    "id": 22,
    "diagonal": 31.28,
    "carga": 50,
    "tempo": 16,
    "idEnsaio": 1
  }, {
    "id": 23,
    "diagonal": 30.73,
    "carga": 50,
    "tempo": 17,
    "idEnsaio": 5
  }, {
    "id": 24,
    "diagonal": 30.9,
    "carga": 50,
    "tempo": 20,
    "idEnsaio": 4
  }, {
    "id": 25,
    "diagonal": 30.96,
    "carga": 50,
    "tempo": 16,
    "idEnsaio": 4
  }, {
    "id": 26,
    "diagonal": 33.14,
    "carga": 50,
    "tempo": 20,
    "idEnsaio": 3
  }, {
    "id": 27,
    "diagonal": 32.34,
    "carga": 50,
    "tempo": 15,
    "idEnsaio": 2
  }, {
    "id": 28,
    "diagonal": 32.49,
    "carga": 50,
    "tempo": 16,
    "idEnsaio": 4
  }, {
    "id": 29,
    "diagonal": 32.76,
    "carga": 50,
    "tempo": 19,
    "idEnsaio": 4
  }, {
    "id": 30,
    "diagonal": 31.35,
    "carga": 50,
    "tempo": 18,
    "idEnsaio": 1
  }, {
    "id": 31,
    "diagonal": 33.72,
    "carga": 50,
    "tempo": 17,
    "idEnsaio": 2
  }, {
    "id": 32,
    "diagonal": 31.82,
    "carga": 50,
    "tempo": 15,
    "idEnsaio": 1
  }, {
    "id": 33,
    "diagonal": 31.09,
    "carga": 50,
    "tempo": 17,
    "idEnsaio": 4
  }, {
    "id": 34,
    "diagonal": 31.51,
    "carga": 50,
    "tempo": 15,
    "idEnsaio": 2
  }, {
    "id": 35,
    "diagonal": 33.91,
    "carga": 50,
    "tempo": 19,
    "idEnsaio": 3
  }, {
    "id": 36,
    "diagonal": 33.2,
    "carga": 50,
    "tempo": 20,
    "idEnsaio": 1
  }, {
    "id": 37,
    "diagonal": 31.66,
    "carga": 50,
    "tempo": 16,
    "idEnsaio": 5
  }, {
    "id": 38,
    "diagonal": 32.46,
    "carga": 50,
    "tempo": 18,
    "idEnsaio": 5
  }, {
    "id": 39,
    "diagonal": 32.89,
    "carga": 50,
    "tempo": 20,
    "idEnsaio": 4
  }, {
    "id": 40,
    "diagonal": 31.89,
    "carga": 50,
    "tempo": 17,
    "idEnsaio": 1
  }, {
    "id": 41,
    "diagonal": 32.8,
    "carga": 50,
    "tempo": 15,
    "idEnsaio": 5
  }, {
    "id": 42,
    "diagonal": 32.5,
    "carga": 50,
    "tempo": 20,
    "idEnsaio": 5
  }, {
    "id": 43,
    "diagonal": 30.22,
    "carga": 50,
    "tempo": 17,
    "idEnsaio": 2
  }, {
    "id": 44,
    "diagonal": 31.41,
    "carga": 50,
    "tempo": 17,
    "idEnsaio": 3
  }, {
    "id": 45,
    "diagonal": 31.58,
    "carga": 50,
    "tempo": 17,
    "idEnsaio": 3
  }, {
    "id": 46,
    "diagonal": 32.25,
    "carga": 50,
    "tempo": 19,
    "idEnsaio": 5
  }, {
    "id": 47,
    "diagonal": 31.3,
    "carga": 50,
    "tempo": 17,
    "idEnsaio": 1
  }, {
    "id": 48,
    "diagonal": 30.96,
    "carga": 50,
    "tempo": 15,
    "idEnsaio": 4
  }, {
    "id": 49,
    "diagonal": 33.78,
    "carga": 50,
    "tempo": 17,
    "idEnsaio": 2
  }, {
    "id": 50,
    "diagonal": 30.57,
    "carga": 50,
    "tempo": 19,
    "idEnsaio": 3
  }, {
    "id": 51,
    "diagonal": 32.49,
    "carga": 50,
    "tempo": 16,
    "idEnsaio": 1
  }, {
    "id": 52,
    "diagonal": 30.67,
    "carga": 50,
    "tempo": 15,
    "idEnsaio": 1
  }, {
    "id": 53,
    "diagonal": 33.37,
    "carga": 50,
    "tempo": 17,
    "idEnsaio": 2
  }, {
    "id": 54,
    "diagonal": 33.52,
    "carga": 50,
    "tempo": 17,
    "idEnsaio": 1
  }, {
    "id": 55,
    "diagonal": 31.87,
    "carga": 50,
    "tempo": 20,
    "idEnsaio": 3
  }, {
    "id": 56,
    "diagonal": 33.65,
    "carga": 50,
    "tempo": 17,
    "idEnsaio": 3
  }, {
    "id": 57,
    "diagonal": 33.31,
    "carga": 50,
    "tempo": 19,
    "idEnsaio": 2
  }, {
    "id": 58,
    "diagonal": 30.29,
    "carga": 50,
    "tempo": 19,
    "idEnsaio": 1
  }, {
    "id": 59,
    "diagonal": 30.36,
    "carga": 50,
    "tempo": 18,
    "idEnsaio": 1
  }, {
    "id": 60,
    "diagonal": 32.8,
    "carga": 50,
    "tempo": 16,
    "idEnsaio": 2
  }, {
    "id": 61,
    "diagonal": 31.08,
    "carga": 50,
    "tempo": 20,
    "idEnsaio": 4
  }, {
    "id": 62,
    "diagonal": 33.68,
    "carga": 50,
    "tempo": 20,
    "idEnsaio": 4
  }, {
    "id": 63,
    "diagonal": 32.18,
    "carga": 50,
    "tempo": 19,
    "idEnsaio": 5
  }, {
    "id": 64,
    "diagonal": 30.67,
    "carga": 50,
    "tempo": 19,
    "idEnsaio": 4
  }, {
    "id": 65,
    "diagonal": 30.58,
    "carga": 50,
    "tempo": 18,
    "idEnsaio": 5
  }, {
    "id": 66,
    "diagonal": 30.26,
    "carga": 50,
    "tempo": 17,
    "idEnsaio": 3
  }, {
    "id": 67,
    "diagonal": 31.43,
    "carga": 50,
    "tempo": 17,
    "idEnsaio": 1
  }, {
    "id": 68,
    "diagonal": 30.35,
    "carga": 50,
    "tempo": 15,
    "idEnsaio": 5
  }, {
    "id": 69,
    "diagonal": 33.88,
    "carga": 50,
    "tempo": 19,
    "idEnsaio": 2
  }, {
    "id": 70,
    "diagonal": 30.82,
    "carga": 50,
    "tempo": 18,
    "idEnsaio": 5
  }, {
    "id": 71,
    "diagonal": 31.25,
    "carga": 50,
    "tempo": 16,
    "idEnsaio": 1
  }, {
    "id": 72,
    "diagonal": 33.64,
    "carga": 50,
    "tempo": 19,
    "idEnsaio": 1
  }, {
    "id": 73,
    "diagonal": 31.06,
    "carga": 50,
    "tempo": 17,
    "idEnsaio": 5
  }, {
    "id": 74,
    "diagonal": 30.91,
    "carga": 50,
    "tempo": 17,
    "idEnsaio": 5
  }, {
    "id": 75,
    "diagonal": 31.42,
    "carga": 50,
    "tempo": 18,
    "idEnsaio": 5
  }, {
    "id": 76,
    "diagonal": 33.01,
    "carga": 50,
    "tempo": 16,
    "idEnsaio": 4
  }, {
    "id": 77,
    "diagonal": 33.12,
    "carga": 50,
    "tempo": 17,
    "idEnsaio": 4
  }, {
    "id": 78,
    "diagonal": 31.39,
    "carga": 50,
    "tempo": 16,
    "idEnsaio": 1
  }, {
    "id": 79,
    "diagonal": 31.06,
    "carga": 50,
    "tempo": 16,
    "idEnsaio": 3
  }, {
    "id": 80,
    "diagonal": 31.1,
    "carga": 50,
    "tempo": 17,
    "idEnsaio": 5
  }, {
    "id": 81,
    "diagonal": 30.71,
    "carga": 50,
    "tempo": 15,
    "idEnsaio": 4
  }, {
    "id": 82,
    "diagonal": 32.62,
    "carga": 50,
    "tempo": 16,
    "idEnsaio": 3
  }, {
    "id": 83,
    "diagonal": 33.88,
    "carga": 50,
    "tempo": 18,
    "idEnsaio": 3
  }, {
    "id": 84,
    "diagonal": 33.25,
    "carga": 50,
    "tempo": 17,
    "idEnsaio": 5
  }, {
    "id": 85,
    "diagonal": 32.94,
    "carga": 50,
    "tempo": 16,
    "idEnsaio": 2
  }, {
    "id": 86,
    "diagonal": 30.67,
    "carga": 50,
    "tempo": 20,
    "idEnsaio": 4
  }, {
    "id": 87,
    "diagonal": 30.45,
    "carga": 50,
    "tempo": 18,
    "idEnsaio": 2
  }, {
    "id": 88,
    "diagonal": 32.72,
    "carga": 50,
    "tempo": 17,
    "idEnsaio": 4
  }, {
    "id": 89,
    "diagonal": 31.13,
    "carga": 50,
    "tempo": 20,
    "idEnsaio": 3
  }, {
    "id": 90,
    "diagonal": 33.86,
    "carga": 50,
    "tempo": 15,
    "idEnsaio": 1
  }, {
    "id": 91,
    "diagonal": 30.96,
    "carga": 50,
    "tempo": 20,
    "idEnsaio": 2
  }, {
    "id": 92,
    "diagonal": 30.15,
    "carga": 50,
    "tempo": 20,
    "idEnsaio": 4
  }, {
    "id": 93,
    "diagonal": 33.35,
    "carga": 50,
    "tempo": 16,
    "idEnsaio": 3
  }, {
    "id": 94,
    "diagonal": 30.93,
    "carga": 50,
    "tempo": 17,
    "idEnsaio": 1
  }, {
    "id": 95,
    "diagonal": 31.05,
    "carga": 50,
    "tempo": 19,
    "idEnsaio": 5
  }, {
    "id": 96,
    "diagonal": 30.73,
    "carga": 50,
    "tempo": 19,
    "idEnsaio": 2
  }, {
    "id": 97,
    "diagonal": 32.15,
    "carga": 50,
    "tempo": 19,
    "idEnsaio": 1
  }, {
    "id": 98,
    "diagonal": 33.92,
    "carga": 50,
    "tempo": 19,
    "idEnsaio": 1
  }, {
    "id": 99,
    "diagonal": 32.18,
    "carga": 50,
    "tempo": 18,
    "idEnsaio": 1
  }, {
    "id": 100,
    "diagonal": 32.03,
    "carga": 50,
    "tempo": 20,
    "idEnsaio": 4
  }]